driverId,name,ssn,location,certified,wage-plan
10,Victor Charles,055-32-2934,"5264 Hernandez Rapids
Glennshire, ME 02385",Y,hours
11,Nicole Robinson,034-44-1687,"PSC 1811, Box 1657
APO AP 04439",N,miles
12,Andrew Clark,322-66-2448,"70654 Ewing Forge Apt. 887
Meghanbury, SD 85679",Y,miles
13,Adrian Beck,329-78-6891,"079 Miller Prairie
North Brandon, NJ 53457",N,miles
14,Brianna Ford,108-73-8491,"32715 Lowe Island
Port Joshuafurt, NH 21185",Y,miles
15,Amber Miller,412-86-8788,"PSC 2311, Box 2472
APO AP 58201",N,hours
16,Brittany Paul,401-78-5688,"0369 Jenna Village Apt. 088
Leeburgh, NC 87496",N,miles
17,Megan Foster,415-47-3861,"02835 Olivia Cliff
Steventon, AL 44726",Y,miles
18,Daniel Richards,410-31-0437,"163 Walter Well Apt. 134
Nobleberg, PR 85638",Y,miles
19,Lisa Mora,351-83-6640,"588 Rose Groves Apt. 731
Stephaniemouth, MS 80456",Y,hours
20,Mrs. Ashlee Christensen MD,776-35-5788,"72126 Christopher Club Apt. 612
Michaelfort, AS 69968",N,hours
21,Frederick Wheeler,301-58-2171,"742 Vance Bridge Suite 037
New Chadtown, MI 48297",N,miles
22,Ryan Williamson,781-26-4244,"USNS Becker
FPO AE 78206",N,miles
23,Ricky Harris,519-38-3341,"7119 Edward Ways
East Summertown, VT 14299",N,miles
24,Pamela Kim,132-27-3988,"5093 Laura Motorway
South Carl, LA 67715",Y,miles
25,Brittany Doyle,220-35-5883,"Unit 3037 Box 6779
DPO AA 58230",Y,miles
26,Randall Parker,613-53-0175,"0606 Kayla Shores
West Timtown, MH 33735",Y,miles
27,Tasha Dean DVM,430-82-9556,"PSC 2613, Box 9182
APO AA 69930",Y,hours
28,Laura Evans,362-70-0308,"06764 Kenneth Mission Apt. 627
West Franklin, AZ 10762",Y,hours
29,Jacob Gray,388-65-3029,"176 Jones Meadow
New Monicaburgh, MH 95984",Y,hours
30,Catherine Johnson,422-99-1463,"8428 Michael Parkways Apt. 905
South Sarahmouth, ID 24050",Y,miles
31,David Russell,280-65-7327,"Unit 9450 Box 5622
DPO AE 02630",Y,hours
32,Joshua Crosby,861-62-4919,"1059 Ashley Villages
Brownmouth, MS 49313",N,hours
33,Mitchell Richardson,851-53-2119,"63780 Kenneth Isle
Sarahmouth, WY 40683",N,miles
34,Johnathan Mcclure,890-94-0089,"655 Frost Harbor Suite 800
Lake Juliahaven, HI 10289",Y,miles
35,Amy Washington,431-33-9394,"20512 Mallory Circles Apt. 675
Ellisfurt, NM 16814",Y,hours
36,James Jones,390-59-0686,"936 Luis Trail Suite 354
East Debra, CT 24619",Y,hours
37,Christopher Griffin,284-97-8718,"6145 Anita Squares Suite 744
West Matthewburgh, GA 94565",Y,miles
38,Amanda Reynolds,240-87-3057,"91022 Peterson Cape Suite 467
New Ryan, WA 51099",Y,miles
39,Kathy Davis,246-54-1318,"893 Michael Extension Suite 871
Biancaberg, AZ 12922",N,hours
40,Christopher Ortiz,382-19-2327,"3254 Elizabeth Dam
East Dawnside, IN 96668",N,hours
41,Kevin Bell,272-99-7776,"52573 Harris Springs
Matthewville, OH 08799",N,hours
42,Joseph Johnson,706-10-2982,"1900 Teresa Pass Apt. 508
Jessicaburgh, DC 71828",Y,miles
43,Ashley Jones,495-85-8098,"453 Mario Cove Suite 193
Millershire, DC 41428",N,hours
44,Stephanie Raymond,103-74-5693,"086 Maria Stravenue
East Ronnie, NY 86048",N,hours
45,Tiffany Chung,182-64-2782,"326 Lewis Points Apt. 777
Lake Jessicaburgh, LA 15117",N,miles
46,Brenda Gutierrez,215-98-4502,"236 Payne Forge
Port Reginabury, OR 56490",N,hours
47,Paula Barker,292-13-4734,"63238 Serrano Plains
Port Robert, WI 18014",Y,miles
48,Ivan Henry,863-47-3419,"075 Rodriguez Bypass Suite 127
West Charlesmouth, MD 73558",N,miles
49,Brad Williams,741-19-0918,"45444 Jones Inlet
Robbinsview, IN 50557",N,miles
50,James Hansen,372-86-4740,"85637 Julie Streets Suite 624
Paigeville, MN 84943",N,miles
51,Anthony Smith,085-59-2837,"672 Bauer Curve Suite 535
Arthurfort, VA 61313",Y,hours
52,Robin Lopez,583-09-9550,"355 Ryan Summit
Julieville, NE 87548",N,miles
53,Jade Simpson,630-07-4077,"982 Perez Isle Apt. 899
West Deborah, SC 31455",N,hours
54,Andrew Espinoza,350-08-6560,"Unit 1081 Box 4004
DPO AP 92369",N,hours
55,Karen Barton,024-28-8739,"796 Ortiz Viaduct
Valerieshire, WY 23641",N,hours
56,Karen Vazquez,043-88-1374,"4828 Ramirez Mission Apt. 444
Elizabethberg, LA 23894",N,hours
57,Cindy Briggs,121-84-7187,"5167 Anita Brooks Apt. 366
Amyport, NE 38858",N,miles
58,Mr. Jason Lee,725-70-2931,"920 Mitchell Estate
South Kelly, UT 12340",N,hours
59,Michael Stone,516-92-0324,"72660 Reed Junctions Apt. 437
Stephanietown, AL 57731",Y,miles
60,Lisa Reynolds,389-74-3570,"139 Michael Brooks Suite 043
Meltonburgh, IA 91339",N,miles
61,Karen Gordon,421-45-1493,"202 Michael Valleys
Samanthashire, OR 96143",N,miles
62,Gabriella Swanson,748-76-2733,"76699 Bruce Lake
South Joseph, MA 86169",Y,miles
63,Jennifer Johnston,617-56-5243,"3862 Morgan Burg
Smithmouth, IL 75547",N,miles
64,Steven Quinn,017-22-0875,"58057 Taylor Spurs
Port Katherine, IA 45815",Y,hours
65,Catherine Flores,847-60-7632,"9910 Andrew Meadows
Jonathonshire, NV 79482",Y,hours
66,Christine Peterson,488-30-9851,"2641 Phillip Courts
Joneshaven, MT 99028",N,hours
67,Bryan Reid MD,886-62-6959,"967 Alexandra Mill Apt. 621
Jonesbury, WA 86387",Y,miles
68,Scott Miller,736-78-9959,"735 Ferrell Spring Apt. 593
North Josephton, AL 68287",Y,hours
69,Kyle Marshall,801-30-4287,"52576 Elizabeth Radial
South Heidiland, KY 14159",Y,miles
70,Nicole Castro,403-86-1825,"25859 Marissa Land
Blairville, OK 35958",Y,miles
71,Amy Love,179-12-5783,"327 Tran Island Suite 407
East Lisaport, IN 85537",N,hours
72,Crystal Watson,130-47-3605,"9050 Kelley Loop Suite 031
Lisaside, ND 89204",Y,hours
73,Samuel Macias,292-23-0922,"110 Gill Pines Apt. 729
East Brett, HI 15692",Y,hours
74,Jamie Mullins,852-55-8433,"73686 Rhonda Alley Suite 778
Lake Nathan, MH 71097",Y,miles
75,Tiffany Walters,454-23-1123,"040 Clinton Manors
Careyfort, MD 24867",N,miles
76,Gabriel Davis,116-74-6322,"616 Newton Row
Lake Michelletown, WI 00661",Y,miles
77,Karen Ibarra,303-57-7284,"82430 Meyer Lock
West Cherylland, UT 67957",N,miles
78,Jackie Mathis,021-13-0025,"8279 Vance Mountains
Ashleyshire, MS 61083",Y,miles
79,Amanda Cain,784-49-9690,"9344 Moore Point Apt. 822
Robertsport, NJ 21159",Y,miles
80,Adam Martinez,730-20-2461,"97371 Skinner Center Suite 676
South Garyville, HI 73746",N,miles
81,Laura Powell,788-30-8534,"5472 Jason Cliff
Port Ginaberg, FL 05080",Y,miles
82,Anita Ross,444-43-3818,"1278 Malik View
Lake Kellystad, WI 73734",Y,hours
83,Ryan Campos,652-65-2780,"0478 Marsh Extension Apt. 488
West Saraton, ID 39706",Y,miles
84,Ashley Peterson,878-38-5995,"5540 Brent Square Apt. 509
West Wayneland, OR 66893",Y,hours
85,Michele Andrews,564-11-1830,"043 Jill Mountains
Ambertown, HI 97267",N,miles
86,Teresa Ford,598-05-5155,"42711 Amber Station Suite 709
Cookburgh, PW 85463",N,miles
87,Jeffrey Jackson,541-99-8874,"PSC 9780, Box 9775
APO AP 40756",N,hours
88,Leslie Martin DVM,215-58-6496,"4629 Christopher Loaf Suite 445
Garciaville, FM 81586",Y,hours
89,Ana Fleming,018-46-0796,"8414 Davenport Burgs Suite 537
South Alexanderhaven, OH 13804",N,miles
90,Richard Rogers,842-13-2079,"577 Heather Glen Suite 179
New Joseph, NJ 13954",N,miles
91,Kenneth Dominguez,187-33-6360,"3240 Jason Wall Suite 647
Andrewside, MN 43513",N,hours
92,Nicholas Christensen,773-98-8510,"748 Christine Mill
Lake Kimberly, MA 05148",Y,hours
93,Kevin Hanson,804-66-6544,"581 Jennifer Path Suite 634
Port Reginafurt, VA 62843",N,hours
94,Tammy Black,118-57-7430,"758 Sharon Ferry Apt. 062
West Jenny, MS 11192",Y,hours
95,Elizabeth Alexander,136-36-5680,"97502 Moore Points Suite 824
Melissafort, NH 61844",N,hours
96,Amy Ryan DVM,761-07-1647,"9049 Harris Meadows
South Stephaniestad, WA 31339",N,miles
97,Christina Jones MD,886-27-8807,"0560 Ronald Village
Phillipston, FM 08861",N,miles
98,Shawn Sims,299-54-8106,"8493 Randall Rapids Suite 682
Priceborough, FM 97789",N,miles
99,Elizabeth Johnson,279-89-8736,"97700 Jeffery Spurs
Jenkinsmouth, ND 38646",Y,miles
100,Gregory Ritter,100-54-9153,"36850 Green Creek Suite 368
Jeffreyside, GU 93069",N,hours
101,Mathew Wallace,821-17-1153,"07157 Jeffrey Turnpike Apt. 529
Smithside, DC 08403",N,miles
102,Brian Morgan,327-72-8577,"799 Heather Knoll
East Robertborough, SC 27763",Y,miles
103,Jessica Gray,377-64-2353,"54305 Mckenzie Vista Suite 725
Fredmouth, KY 29437",Y,miles
104,Danielle Phillips,375-46-5568,"647 Sergio Walks Apt. 460
Andreaberg, AR 83775",N,miles
105,Dr. Nicole Wilson,123-73-6572,"8331 Christopher Village
Port Lisa, MN 47389",Y,hours
106,Matthew Woods,185-48-0577,"95385 Kim Common
Kyleton, MI 08456",Y,miles
107,Christopher Chambers,860-24-2657,"3421 Katie Mountains Apt. 437
West David, PW 87137",Y,miles
108,Jacob Terry,217-60-5792,"18953 Dunlap Mission
Kevinton, CO 25563",N,miles
109,Alexander Bowen,411-93-7547,"55931 Bruce Port
New Ravenhaven, ME 51399",Y,miles
